route,control,state,preconditions,action,expected_result,persistence_check,device_browser,evidence,status
/admin,New folder,valid,Disposable synthetic account/data; see scenario source,Create uniquely named item,Dialog closes and item is available,Reload; item appears in navigator,Firefox and mobile Chromium / isolated real backend,frontend-workflows.spec.ts; final-firefox/fullstack.json; final-mobile-2/fullstack.json,PASS
/admin,New collection,valid,Disposable synthetic account/data; see scenario source,Create uniquely named item,Dialog closes and item is available,Reload; item appears in navigator,Firefox and mobile Chromium / isolated real backend,frontend-workflows.spec.ts; final-firefox/fullstack.json; final-mobile-2/fullstack.json,PASS
/admin,New saved view,valid,Disposable synthetic account/data; see scenario source,Create uniquely named item,Dialog closes and item is available,Reload; item appears in navigator,Firefox and mobile Chromium / isolated real backend,frontend-workflows.spec.ts; final-firefox/fullstack.json; final-mobile-2/fullstack.json,PASS
/admin,Create folder submit,slow/pending/double submission,Disposable synthetic account/data; see scenario source,Hold POST; click Create then press Enter,One POST; submit disabled,Reload and query navigation; exactly one item,Firefox and mobile Chromium / isolated real backend,frontend-workflows.spec.ts; final-firefox/fullstack.json; final-mobile-2/fullstack.json,PASS
/admin,Create folder retry,injected 503,Disposable synthetic account/data; see scenario source,"Reject first request, then retry",Error shown; retained input; action enabled,Second request persists one folder after reload,Firefox and mobile Chromium / isolated real backend,frontend-workflows.spec.ts; final-firefox/fullstack.json; final-mobile-2/fullstack.json,PASS
/admin,Light,valid preference,Disposable synthetic account/data; see scenario source,Select each preference then reload,Selected preference retained,Checked/pressed state after reload,Firefox and mobile Chromium / isolated real backend,frontend-workflows.spec.ts; final-firefox/fullstack.json; final-mobile-2/fullstack.json,PASS
/admin,Dark,valid preference,Disposable synthetic account/data; see scenario source,Select each preference then reload,Selected preference retained,Checked/pressed state after reload,Firefox and mobile Chromium / isolated real backend,frontend-workflows.spec.ts; final-firefox/fullstack.json; final-mobile-2/fullstack.json,PASS
/admin,System,valid preference,Disposable synthetic account/data; see scenario source,Select each preference then reload,Selected preference retained,Checked/pressed state after reload,Firefox and mobile Chromium / isolated real backend,frontend-workflows.spec.ts; final-firefox/fullstack.json; final-mobile-2/fullstack.json,PASS
/admin,Grid view,valid preference,Disposable synthetic account/data; see scenario source,Select each preference then reload,Selected preference retained,Checked/pressed state after reload,Firefox and mobile Chromium / isolated real backend,frontend-workflows.spec.ts; final-firefox/fullstack.json; final-mobile-2/fullstack.json,PASS
/admin,List view,valid preference,Disposable synthetic account/data; see scenario source,Select each preference then reload,Selected preference retained,Checked/pressed state after reload,Firefox and mobile Chromium / isolated real backend,frontend-workflows.spec.ts; final-firefox/fullstack.json; final-mobile-2/fullstack.json,PASS
/admin,Table view,valid preference,Disposable synthetic account/data; see scenario source,Select each preference then reload,Selected preference retained,Checked/pressed state after reload,Firefox and mobile Chromium / isolated real backend,frontend-workflows.spec.ts; final-firefox/fullstack.json; final-mobile-2/fullstack.json,PASS
/admin,Search slides,unicode/empty/no result,Disposable synthetic account/data; see scenario source,Search unmatched Unicode then clear,Empty state; search retained after reload,URL and input checked after reload,Firefox and mobile Chromium / isolated real backend,frontend-workflows.spec.ts; final-firefox/fullstack.json; final-mobile-2/fullstack.json,PASS
/admin,Sort Updated,"ordered 1,000-record fixture",Disposable synthetic account/data; see scenario source,Select each of the six supported sorts,"Selected value, request, API order, and rendered card order agree","Assert monotonic sort key, stable ID tie-break, and visible page matches ordered response","Chromium, Firefox, WebKit, and mobile Chromium / isolated backend",apps/web/e2e-fullstack/z-library-scale.spec.ts; final-sort-keyboard-v2-chromium/fullstack.json; final-sort-keyboard-v2-firefox/fullstack.json; final-sort-keyboard-v2-webkit/fullstack.json; final-sort-keyboard-v2-mobile-chromium/fullstack.json,PASS
/admin,Sort Oldest update,"ordered 1,000-record fixture",Disposable synthetic account/data; see scenario source,Select each of the six supported sorts,"Selected value, request, API order, and rendered card order agree","Assert monotonic sort key, stable ID tie-break, and visible page matches ordered response","Chromium, Firefox, WebKit, and mobile Chromium / isolated backend",apps/web/e2e-fullstack/z-library-scale.spec.ts; final-sort-keyboard-v2-chromium/fullstack.json; final-sort-keyboard-v2-firefox/fullstack.json; final-sort-keyboard-v2-webkit/fullstack.json; final-sort-keyboard-v2-mobile-chromium/fullstack.json,PASS
/admin,Sort Newest,"ordered 1,000-record fixture",Disposable synthetic account/data; see scenario source,Select each of the six supported sorts,"Selected value, request, API order, and rendered card order agree","Assert monotonic sort key, stable ID tie-break, and visible page matches ordered response","Chromium, Firefox, WebKit, and mobile Chromium / isolated backend",apps/web/e2e-fullstack/z-library-scale.spec.ts; final-sort-keyboard-v2-chromium/fullstack.json; final-sort-keyboard-v2-firefox/fullstack.json; final-sort-keyboard-v2-webkit/fullstack.json; final-sort-keyboard-v2-mobile-chromium/fullstack.json,PASS
/admin,Sort Oldest created,"ordered 1,000-record fixture",Disposable synthetic account/data; see scenario source,Select each of the six supported sorts,"Selected value, request, API order, and rendered card order agree","Assert monotonic sort key, stable ID tie-break, and visible page matches ordered response","Chromium, Firefox, WebKit, and mobile Chromium / isolated backend",apps/web/e2e-fullstack/z-library-scale.spec.ts; final-sort-keyboard-v2-chromium/fullstack.json; final-sort-keyboard-v2-firefox/fullstack.json; final-sort-keyboard-v2-webkit/fullstack.json; final-sort-keyboard-v2-mobile-chromium/fullstack.json,PASS
/admin,Sort Name A–Z,"ordered 1,000-record fixture",Disposable synthetic account/data; see scenario source,Select each of the six supported sorts,"Selected value, request, API order, and rendered card order agree","Assert monotonic sort key, stable ID tie-break, and visible page matches ordered response","Chromium, Firefox, WebKit, and mobile Chromium / isolated backend",apps/web/e2e-fullstack/z-library-scale.spec.ts; final-sort-keyboard-v2-chromium/fullstack.json; final-sort-keyboard-v2-firefox/fullstack.json; final-sort-keyboard-v2-webkit/fullstack.json; final-sort-keyboard-v2-mobile-chromium/fullstack.json,PASS
/admin,Sort Name Z–A,"ordered 1,000-record fixture",Disposable synthetic account/data; see scenario source,Select each of the six supported sorts,"Selected value, request, API order, and rendered card order agree","Assert monotonic sort key, stable ID tie-break, and visible page matches ordered response","Chromium, Firefox, WebKit, and mobile Chromium / isolated backend",apps/web/e2e-fullstack/z-library-scale.spec.ts; final-sort-keyboard-v2-chromium/fullstack.json; final-sort-keyboard-v2-firefox/fullstack.json; final-sort-keyboard-v2-webkit/fullstack.json; final-sort-keyboard-v2-mobile-chromium/fullstack.json,PASS
/admin,Description,valid metadata,Disposable synthetic account/data; see scenario source,Edit synthetic slide metadata,Save succeeds,Reload and reopen; admin note and combined-filter matching checked,Firefox and mobile Chromium / isolated real backend,library-lifecycle.spec.ts; final-firefox/fullstack.json; final-mobile-2/fullstack.json,PASS
/admin,Case ID,valid metadata,Disposable synthetic account/data; see scenario source,Edit synthetic slide metadata,Save succeeds,Reload and reopen; admin note and combined-filter matching checked,Firefox and mobile Chromium / isolated real backend,library-lifecycle.spec.ts; final-firefox/fullstack.json; final-mobile-2/fullstack.json,PASS
/admin,Organ / site,valid metadata,Disposable synthetic account/data; see scenario source,Edit synthetic slide metadata,Save succeeds,Reload and reopen; admin note and combined-filter matching checked,Firefox and mobile Chromium / isolated real backend,library-lifecycle.spec.ts; final-firefox/fullstack.json; final-mobile-2/fullstack.json,PASS
/admin,Stain,valid metadata,Disposable synthetic account/data; see scenario source,Edit synthetic slide metadata,Save succeeds,Reload and reopen; admin note and combined-filter matching checked,Firefox and mobile Chromium / isolated real backend,library-lifecycle.spec.ts; final-firefox/fullstack.json; final-mobile-2/fullstack.json,PASS
/admin,Diagnosis,valid metadata,Disposable synthetic account/data; see scenario source,Edit synthetic slide metadata,Save succeeds,Reload and reopen; admin note and combined-filter matching checked,Firefox and mobile Chromium / isolated real backend,library-lifecycle.spec.ts; final-firefox/fullstack.json; final-mobile-2/fullstack.json,PASS
/admin,Course,valid metadata,Disposable synthetic account/data; see scenario source,Edit synthetic slide metadata,Save succeeds,Reload and reopen; admin note and combined-filter matching checked,Firefox and mobile Chromium / isolated real backend,library-lifecycle.spec.ts; final-firefox/fullstack.json; final-mobile-2/fullstack.json,PASS
/admin,Tags,valid metadata,Disposable synthetic account/data; see scenario source,Edit synthetic slide metadata,Save succeeds,Reload and reopen; admin note and combined-filter matching checked,Firefox and mobile Chromium / isolated real backend,library-lifecycle.spec.ts; final-firefox/fullstack.json; final-mobile-2/fullstack.json,PASS
/admin,Teaching note,valid metadata,Disposable synthetic account/data; see scenario source,Edit synthetic slide metadata,Save succeeds,Reload and reopen; admin note and combined-filter matching checked,Firefox and mobile Chromium / isolated real backend,library-lifecycle.spec.ts; final-firefox/fullstack.json; final-mobile-2/fullstack.json,PASS
/admin,Administrator note,valid metadata,Disposable synthetic account/data; see scenario source,Edit synthetic slide metadata,Save succeeds,Reload and reopen; admin note and combined-filter matching checked,Firefox and mobile Chromium / isolated real backend,library-lifecycle.spec.ts; final-firefox/fullstack.json; final-mobile-2/fullstack.json,PASS
/admin,Save details,valid metadata,Disposable synthetic account/data; see scenario source,Edit synthetic slide metadata,Save succeeds,Reload and reopen; admin note and combined-filter matching checked,Firefox and mobile Chromium / isolated real backend,library-lifecycle.spec.ts; final-firefox/fullstack.json; final-mobile-2/fullstack.json,PASS
/admin,Organ filter,combined valid filters,Disposable synthetic account/data; see scenario source,Apply matching fields and clear,Matching synthetic slide remains available,Reload filtered URL and verify slide,Firefox and mobile Chromium / isolated real backend,library-lifecycle.spec.ts; final-firefox/fullstack.json; final-mobile-2/fullstack.json,PASS
/admin,Stain filter,combined valid filters,Disposable synthetic account/data; see scenario source,Apply matching fields and clear,Matching synthetic slide remains available,Reload filtered URL and verify slide,Firefox and mobile Chromium / isolated real backend,library-lifecycle.spec.ts; final-firefox/fullstack.json; final-mobile-2/fullstack.json,PASS
/admin,Diagnosis filter,combined valid filters,Disposable synthetic account/data; see scenario source,Apply matching fields and clear,Matching synthetic slide remains available,Reload filtered URL and verify slide,Firefox and mobile Chromium / isolated real backend,library-lifecycle.spec.ts; final-firefox/fullstack.json; final-mobile-2/fullstack.json,PASS
/admin,Course filter,combined valid filters,Disposable synthetic account/data; see scenario source,Apply matching fields and clear,Matching synthetic slide remains available,Reload filtered URL and verify slide,Firefox and mobile Chromium / isolated real backend,library-lifecycle.spec.ts; final-firefox/fullstack.json; final-mobile-2/fullstack.json,PASS
/admin,Processing state filter,combined valid filters,Disposable synthetic account/data; see scenario source,Apply matching fields and clear,Matching synthetic slide remains available,Reload filtered URL and verify slide,Firefox and mobile Chromium / isolated real backend,library-lifecycle.spec.ts; final-firefox/fullstack.json; final-mobile-2/fullstack.json,PASS
/admin,Tag filter,combined valid filters,Disposable synthetic account/data; see scenario source,Apply matching fields and clear,Matching synthetic slide remains available,Reload filtered URL and verify slide,Firefox and mobile Chromium / isolated real backend,library-lifecycle.spec.ts; final-firefox/fullstack.json; final-mobile-2/fullstack.json,PASS
/admin,Clear filters,combined valid filters,Disposable synthetic account/data; see scenario source,Apply matching fields and clear,Matching synthetic slide remains available,Reload filtered URL and verify slide,Firefox and mobile Chromium / isolated real backend,library-lifecycle.spec.ts; final-firefox/fullstack.json; final-mobile-2/fullstack.json,PASS
/admin,Move slides,valid sharing lifecycle,Disposable synthetic account/data; see scenario source,"Move own slide to folder; create, rotate, revoke link",Anonymous link renders slide; old and revoked endpoints return 404,Fresh anonymous navigation and backend response checks,Firefox and mobile Chromium / isolated real backend,library-lifecycle.spec.ts; final-firefox/fullstack.json; final-mobile-2/fullstack.json,PASS
/admin,Destination,valid sharing lifecycle,Disposable synthetic account/data; see scenario source,"Move own slide to folder; create, rotate, revoke link",Anonymous link renders slide; old and revoked endpoints return 404,Fresh anonymous navigation and backend response checks,Firefox and mobile Chromium / isolated real backend,library-lifecycle.spec.ts; final-firefox/fullstack.json; final-mobile-2/fullstack.json,PASS
/admin,Share,valid sharing lifecycle,Disposable synthetic account/data; see scenario source,"Move own slide to folder; create, rotate, revoke link",Anonymous link renders slide; old and revoked endpoints return 404,Fresh anonymous navigation and backend response checks,Firefox and mobile Chromium / isolated real backend,library-lifecycle.spec.ts; final-firefox/fullstack.json; final-mobile-2/fullstack.json,PASS
/admin,Confirm public names,valid sharing lifecycle,Disposable synthetic account/data; see scenario source,"Move own slide to folder; create, rotate, revoke link",Anonymous link renders slide; old and revoked endpoints return 404,Fresh anonymous navigation and backend response checks,Firefox and mobile Chromium / isolated real backend,library-lifecycle.spec.ts; final-firefox/fullstack.json; final-mobile-2/fullstack.json,PASS
/admin,Create shared link,valid sharing lifecycle,Disposable synthetic account/data; see scenario source,"Move own slide to folder; create, rotate, revoke link",Anonymous link renders slide; old and revoked endpoints return 404,Fresh anonymous navigation and backend response checks,Firefox and mobile Chromium / isolated real backend,library-lifecycle.spec.ts; final-firefox/fullstack.json; final-mobile-2/fullstack.json,PASS
/admin,Rotate shared link,valid sharing lifecycle,Disposable synthetic account/data; see scenario source,"Move own slide to folder; create, rotate, revoke link",Anonymous link renders slide; old and revoked endpoints return 404,Fresh anonymous navigation and backend response checks,Firefox and mobile Chromium / isolated real backend,library-lifecycle.spec.ts; final-firefox/fullstack.json; final-mobile-2/fullstack.json,PASS
/admin,Revoke shared link,valid sharing lifecycle,Disposable synthetic account/data; see scenario source,"Move own slide to folder; create, rotate, revoke link",Anonymous link renders slide; old and revoked endpoints return 404,Fresh anonymous navigation and backend response checks,Firefox and mobile Chromium / isolated real backend,library-lifecycle.spec.ts; final-firefox/fullstack.json; final-mobile-2/fullstack.json,PASS
/admin,Confirm revoke,valid sharing lifecycle,Disposable synthetic account/data; see scenario source,"Move own slide to folder; create, rotate, revoke link",Anonymous link renders slide; old and revoked endpoints return 404,Fresh anonymous navigation and backend response checks,Firefox and mobile Chromium / isolated real backend,library-lifecycle.spec.ts; final-firefox/fullstack.json; final-mobile-2/fullstack.json,PASS
/admin,Move to Trash,valid organization,Disposable synthetic account/data; see scenario source,Operate on disposable synthetic slide,Tags and collection membership visible,Reload All slides and open details,Firefox and mobile Chromium / isolated real backend,library-lifecycle.spec.ts; final-firefox/fullstack.json; final-mobile-2/fullstack.json,PASS
/admin,Restore,valid organization,Disposable synthetic account/data; see scenario source,Operate on disposable synthetic slide,Tags and collection membership visible,Reload All slides and open details,Firefox and mobile Chromium / isolated real backend,library-lifecycle.spec.ts; final-firefox/fullstack.json; final-mobile-2/fullstack.json,PASS
/admin,Select slide via Space,valid organization,Disposable synthetic account/data; see scenario source,Operate on disposable synthetic slide,Tags and collection membership visible,Reload All slides and open details,Firefox and mobile Chromium / isolated real backend,library-lifecycle.spec.ts; final-firefox/fullstack.json; final-mobile-2/fullstack.json,PASS
/admin,Edit tags,valid organization,Disposable synthetic account/data; see scenario source,Operate on disposable synthetic slide,Tags and collection membership visible,Reload All slides and open details,Firefox and mobile Chromium / isolated real backend,library-lifecycle.spec.ts; final-firefox/fullstack.json; final-mobile-2/fullstack.json,PASS
/admin,Save tags,valid organization,Disposable synthetic account/data; see scenario source,Operate on disposable synthetic slide,Tags and collection membership visible,Reload All slides and open details,Firefox and mobile Chromium / isolated real backend,library-lifecycle.spec.ts; final-firefox/fullstack.json; final-mobile-2/fullstack.json,PASS
/admin,Add to collection,valid organization,Disposable synthetic account/data; see scenario source,Operate on disposable synthetic slide,Tags and collection membership visible,Reload All slides and open details,Firefox and mobile Chromium / isolated real backend,library-lifecycle.spec.ts; final-firefox/fullstack.json; final-mobile-2/fullstack.json,PASS
/admin,Collection selection,valid organization,Disposable synthetic account/data; see scenario source,Operate on disposable synthetic slide,Tags and collection membership visible,Reload All slides and open details,Firefox and mobile Chromium / isolated real backend,library-lifecycle.spec.ts; final-firefox/fullstack.json; final-mobile-2/fullstack.json,PASS
/admin,Add slides,valid organization,Disposable synthetic account/data; see scenario source,Operate on disposable synthetic slide,Tags and collection membership visible,Reload All slides and open details,Firefox and mobile Chromium / isolated real backend,library-lifecycle.spec.ts; final-firefox/fullstack.json; final-mobile-2/fullstack.json,PASS
/admin,Open slide details,valid organization,Disposable synthetic account/data; see scenario source,Operate on disposable synthetic slide,Tags and collection membership visible,Reload All slides and open details,Firefox and mobile Chromium / isolated real backend,library-lifecycle.spec.ts; final-firefox/fullstack.json; final-mobile-2/fullstack.json,PASS
/admin?location=storage,Open storage,valid storage,Disposable synthetic account/data; see scenario source,"Search own file, trash and restore",Action and location states update,Reload between trash and restore; library slide returns,Firefox and mobile Chromium / isolated real backend,library-lifecycle.spec.ts; final-firefox/fullstack.json; final-mobile-2/fullstack.json,PASS
/admin?location=storage,Search stored files,valid storage,Disposable synthetic account/data; see scenario source,"Search own file, trash and restore",Action and location states update,Reload between trash and restore; library slide returns,Firefox and mobile Chromium / isolated real backend,library-lifecycle.spec.ts; final-firefox/fullstack.json; final-mobile-2/fullstack.json,PASS
/admin?location=storage,Move to Trash in storage,valid storage,Disposable synthetic account/data; see scenario source,"Search own file, trash and restore",Action and location states update,Reload between trash and restore; library slide returns,Firefox and mobile Chromium / isolated real backend,library-lifecycle.spec.ts; final-firefox/fullstack.json; final-mobile-2/fullstack.json,PASS
/admin?location=storage,Restore in storage,valid storage,Disposable synthetic account/data; see scenario source,"Search own file, trash and restore",Action and location states update,Reload between trash and restore; library slide returns,Firefox and mobile Chromium / isolated real backend,library-lifecycle.spec.ts; final-firefox/fullstack.json; final-mobile-2/fullstack.json,PASS
/admin?location=storage,Back to slide library,valid storage,Disposable synthetic account/data; see scenario source,"Search own file, trash and restore",Action and location states update,Reload between trash and restore; library slide returns,Firefox and mobile Chromium / isolated real backend,library-lifecycle.spec.ts; final-firefox/fullstack.json; final-mobile-2/fullstack.json,PASS
/admin?location=storage,Sort Largest first,"ordered 1,000-record fixture",Disposable synthetic account/data; see scenario source,Select each of the six supported sorts,"Selected value, request, API order, and rendered card order agree","Assert monotonic sort key, stable ID tie-break, and visible page matches ordered response","Chromium, Firefox, WebKit, and mobile Chromium / isolated backend",apps/web/e2e-fullstack/z-library-scale.spec.ts; final-sort-keyboard-v2-chromium/fullstack.json; final-sort-keyboard-v2-firefox/fullstack.json; final-sort-keyboard-v2-webkit/fullstack.json; final-sort-keyboard-v2-mobile-chromium/fullstack.json,PASS
/admin?location=storage,Sort Recently updated,"ordered 1,000-record fixture",Disposable synthetic account/data; see scenario source,Select each of the six supported sorts,"Selected value, request, API order, and rendered card order agree","Assert monotonic sort key, stable ID tie-break, and visible page matches ordered response","Chromium, Firefox, WebKit, and mobile Chromium / isolated backend",apps/web/e2e-fullstack/z-library-scale.spec.ts; final-sort-keyboard-v2-chromium/fullstack.json; final-sort-keyboard-v2-firefox/fullstack.json; final-sort-keyboard-v2-webkit/fullstack.json; final-sort-keyboard-v2-mobile-chromium/fullstack.json,PASS
/admin?location=storage,Sort Name,"ordered 1,000-record fixture",Disposable synthetic account/data; see scenario source,Select each of the six supported sorts,"Selected value, request, API order, and rendered card order agree","Assert monotonic sort key, stable ID tie-break, and visible page matches ordered response","Chromium, Firefox, WebKit, and mobile Chromium / isolated backend",apps/web/e2e-fullstack/z-library-scale.spec.ts; final-sort-keyboard-v2-chromium/fullstack.json; final-sort-keyboard-v2-firefox/fullstack.json; final-sort-keyboard-v2-webkit/fullstack.json; final-sort-keyboard-v2-mobile-chromium/fullstack.json,PASS
/admin?location=storage,Next storage page,large library,Disposable synthetic account/data; see scenario source,Sort and paginate 1000 metadata rows; open empty Trash,Paging progresses and returns; empty message shown,Real response awaited; page indicators checked,Firefox and mobile Chromium / isolated real backend,z-library-scale.spec.ts; final-firefox/fullstack.json; final-mobile-2/fullstack.json,PASS
/admin?location=storage,Previous storage page,large library,Disposable synthetic account/data; see scenario source,Sort and paginate 1000 metadata rows; open empty Trash,Paging progresses and returns; empty message shown,Real response awaited; page indicators checked,Firefox and mobile Chromium / isolated real backend,z-library-scale.spec.ts; final-firefox/fullstack.json; final-mobile-2/fullstack.json,PASS
/admin?location=storage,Trash scope,large library,Disposable synthetic account/data; see scenario source,Sort and paginate 1000 metadata rows; open empty Trash,Paging progresses and returns; empty message shown,Real response awaited; page indicators checked,Firefox and mobile Chromium / isolated real backend,z-library-scale.spec.ts; final-firefox/fullstack.json; final-mobile-2/fullstack.json,PASS
/admin,Next library page,1000 records/offline/rapid input,Disposable synthetic account/data; see scenario source,"Page through rows, disconnect/reconnect, search independently",No duplicate page rows; recovery shows requested slide; tabs retain separate searches,Real API query totals and rendered headings checked,Firefox and mobile Chromium / isolated real backend,z-library-scale.spec.ts; final-firefox/fullstack.json; final-mobile-2/fullstack.json,PASS
/admin,Previous library page,1000 records/offline/rapid input,Disposable synthetic account/data; see scenario source,"Page through rows, disconnect/reconnect, search independently",No duplicate page rows; recovery shows requested slide; tabs retain separate searches,Real API query totals and rendered headings checked,Firefox and mobile Chromium / isolated real backend,z-library-scale.spec.ts; final-firefox/fullstack.json; final-mobile-2/fullstack.json,PASS
/admin,Offline search,1000 records/offline/rapid input,Disposable synthetic account/data; see scenario source,"Page through rows, disconnect/reconnect, search independently",No duplicate page rows; recovery shows requested slide; tabs retain separate searches,Real API query totals and rendered headings checked,Firefox and mobile Chromium / isolated real backend,z-library-scale.spec.ts; final-firefox/fullstack.json; final-mobile-2/fullstack.json,PASS
/admin,Reconnect search,1000 records/offline/rapid input,Disposable synthetic account/data; see scenario source,"Page through rows, disconnect/reconnect, search independently",No duplicate page rows; recovery shows requested slide; tabs retain separate searches,Real API query totals and rendered headings checked,Firefox and mobile Chromium / isolated real backend,z-library-scale.spec.ts; final-firefox/fullstack.json; final-mobile-2/fullstack.json,PASS
/admin,Competing tab searches,1000 records/offline/rapid input,Disposable synthetic account/data; see scenario source,"Page through rows, disconnect/reconnect, search independently",No duplicate page rows; recovery shows requested slide; tabs retain separate searches,Real API query totals and rendered headings checked,Firefox and mobile Chromium / isolated real backend,z-library-scale.spec.ts; final-firefox/fullstack.json; final-mobile-2/fullstack.json,PASS
/admin,Account,empty/short/mismatch/valid,Disposable synthetic account/data; see scenario source,"Validate then change synthetic password, sign out/in, restore password",Validation shown and new credential works,Fresh sessions with replacement and restored credentials,Firefox and mobile Chromium / isolated real backend,account-workflow.spec.ts; final-firefox/fullstack.json; final-mobile-2/fullstack.json,PASS
/admin,Change password,empty/short/mismatch/valid,Disposable synthetic account/data; see scenario source,"Validate then change synthetic password, sign out/in, restore password",Validation shown and new credential works,Fresh sessions with replacement and restored credentials,Firefox and mobile Chromium / isolated real backend,account-workflow.spec.ts; final-firefox/fullstack.json; final-mobile-2/fullstack.json,PASS
/admin,Sign out,empty/short/mismatch/valid,Disposable synthetic account/data; see scenario source,"Validate then change synthetic password, sign out/in, restore password",Validation shown and new credential works,Fresh sessions with replacement and restored credentials,Firefox and mobile Chromium / isolated real backend,account-workflow.spec.ts; final-firefox/fullstack.json; final-mobile-2/fullstack.json,PASS
/admin,Enter workspace,empty/short/mismatch/valid,Disposable synthetic account/data; see scenario source,"Validate then change synthetic password, sign out/in, restore password",Validation shown and new credential works,Fresh sessions with replacement and restored credentials,Firefox and mobile Chromium / isolated real backend,account-workflow.spec.ts; final-firefox/fullstack.json; final-mobile-2/fullstack.json,PASS
/admin /admin/preview /s,Upload,valid/interrupted/revoked,Disposable synthetic account/data; see scenario source,Upload real synthetic OME; interrupt PATCH; annotate and publish,Conversion succeeds; annotation persists; anonymous tiles decode; revocation denies tiles,Reload annotation and fresh anonymous requests,Firefox and mobile Chromium / isolated real backend,imaging-journey.spec.ts; final-firefox/fullstack.json; final-mobile-2/fullstack.json,PASS
/admin /admin/preview /s,Resume upload,valid/interrupted/revoked,Disposable synthetic account/data; see scenario source,Upload real synthetic OME; interrupt PATCH; annotate and publish,Conversion succeeds; annotation persists; anonymous tiles decode; revocation denies tiles,Reload annotation and fresh anonymous requests,Firefox and mobile Chromium / isolated real backend,imaging-journey.spec.ts; final-firefox/fullstack.json; final-mobile-2/fullstack.json,PASS
/admin /admin/preview /s,Preview,valid/interrupted/revoked,Disposable synthetic account/data; see scenario source,Upload real synthetic OME; interrupt PATCH; annotate and publish,Conversion succeeds; annotation persists; anonymous tiles decode; revocation denies tiles,Reload annotation and fresh anonymous requests,Firefox and mobile Chromium / isolated real backend,imaging-journey.spec.ts; final-firefox/fullstack.json; final-mobile-2/fullstack.json,PASS
/admin /admin/preview /s,Point marker,valid/interrupted/revoked,Disposable synthetic account/data; see scenario source,Upload real synthetic OME; interrupt PATCH; annotate and publish,Conversion succeeds; annotation persists; anonymous tiles decode; revocation denies tiles,Reload annotation and fresh anonymous requests,Firefox and mobile Chromium / isolated real backend,imaging-journey.spec.ts; final-firefox/fullstack.json; final-mobile-2/fullstack.json,PASS
/admin /admin/preview /s,Open annotations,valid/interrupted/revoked,Disposable synthetic account/data; see scenario source,Upload real synthetic OME; interrupt PATCH; annotate and publish,Conversion succeeds; annotation persists; anonymous tiles decode; revocation denies tiles,Reload annotation and fresh anonymous requests,Firefox and mobile Chromium / isolated real backend,imaging-journey.spec.ts; final-firefox/fullstack.json; final-mobile-2/fullstack.json,PASS
/admin /admin/preview /s,Publish,valid/interrupted/revoked,Disposable synthetic account/data; see scenario source,Upload real synthetic OME; interrupt PATCH; annotate and publish,Conversion succeeds; annotation persists; anonymous tiles decode; revocation denies tiles,Reload annotation and fresh anonymous requests,Firefox and mobile Chromium / isolated real backend,imaging-journey.spec.ts; final-firefox/fullstack.json; final-mobile-2/fullstack.json,PASS
/admin /admin/preview /s,Confirm deidentification,valid/interrupted/revoked,Disposable synthetic account/data; see scenario source,Upload real synthetic OME; interrupt PATCH; annotate and publish,Conversion succeeds; annotation persists; anonymous tiles decode; revocation denies tiles,Reload annotation and fresh anonymous requests,Firefox and mobile Chromium / isolated real backend,imaging-journey.spec.ts; final-firefox/fullstack.json; final-mobile-2/fullstack.json,PASS
/admin /admin/preview /s,Open public slide,valid/interrupted/revoked,Disposable synthetic account/data; see scenario source,Upload real synthetic OME; interrupt PATCH; annotate and publish,Conversion succeeds; annotation persists; anonymous tiles decode; revocation denies tiles,Reload annotation and fresh anonymous requests,Firefox and mobile Chromium / isolated real backend,imaging-journey.spec.ts; final-firefox/fullstack.json; final-mobile-2/fullstack.json,PASS
/admin /admin/preview /s,Unpublish,valid/interrupted/revoked,Disposable synthetic account/data; see scenario source,Upload real synthetic OME; interrupt PATCH; annotate and publish,Conversion succeeds; annotation persists; anonymous tiles decode; revocation denies tiles,Reload annotation and fresh anonymous requests,Firefox and mobile Chromium / isolated real backend,imaging-journey.spec.ts; final-firefox/fullstack.json; final-mobile-2/fullstack.json,PASS
/admin/classroom,Classroom,teacher/student,Disposable synthetic account/data; see scenario source,Run synthetic teacher and learner journey,Learner joins and receives class state; ended access revoked,Reopen teacher/learner and verify downstream state,Firefox and mobile Chromium / isolated real backend,classroom-journey.ts; final-firefox/fullstack.json; final-mobile-2/fullstack.json,PASS
/admin/classroom,Search class folders,teacher/student,Disposable synthetic account/data; see scenario source,Run synthetic teacher and learner journey,Learner joins and receives class state; ended access revoked,Reopen teacher/learner and verify downstream state,Firefox and mobile Chromium / isolated real backend,classroom-journey.ts; final-firefox/fullstack.json; final-mobile-2/fullstack.json,PASS
/admin/classroom,Prepare classroom,teacher/student,Disposable synthetic account/data; see scenario source,Run synthetic teacher and learner journey,Learner joins and receives class state; ended access revoked,Reopen teacher/learner and verify downstream state,Firefox and mobile Chromium / isolated real backend,classroom-journey.ts; final-firefox/fullstack.json; final-mobile-2/fullstack.json,PASS
/admin/classroom,Start live class,teacher/student,Disposable synthetic account/data; see scenario source,Run synthetic teacher and learner journey,Learner joins and receives class state; ended access revoked,Reopen teacher/learner and verify downstream state,Firefox and mobile Chromium / isolated real backend,classroom-journey.ts; final-firefox/fullstack.json; final-mobile-2/fullstack.json,PASS
/admin/classroom,Join class,teacher/student,Disposable synthetic account/data; see scenario source,Run synthetic teacher and learner journey,Learner joins and receives class state; ended access revoked,Reopen teacher/learner and verify downstream state,Firefox and mobile Chromium / isolated real backend,classroom-journey.ts; final-firefox/fullstack.json; final-mobile-2/fullstack.json,PASS
/admin/classroom,End class,teacher/student,Disposable synthetic account/data; see scenario source,Run synthetic teacher and learner journey,Learner joins and receives class state; ended access revoked,Reopen teacher/learner and verify downstream state,Firefox and mobile Chromium / isolated real backend,classroom-journey.ts; final-firefox/fullstack.json; final-mobile-2/fullstack.json,PASS
/admin/assessments,New assessment,anonymous formative,Disposable synthetic account/data; see scenario source,"Author, publish, answer, reload, submit",Saved answer and correct Bangkok timer; completed response visible,Learner reload and teacher report reload,Firefox and mobile Chromium / isolated real backend,teaching-studio.spec.ts; final-firefox/fullstack.json; final-mobile-2/fullstack.json,PASS
/admin/assessments,Add multiple choice,anonymous formative,Disposable synthetic account/data; see scenario source,"Author, publish, answer, reload, submit",Saved answer and correct Bangkok timer; completed response visible,Learner reload and teacher report reload,Firefox and mobile Chromium / isolated real backend,teaching-studio.spec.ts; final-firefox/fullstack.json; final-mobile-2/fullstack.json,PASS
/admin/assessments,Assessment name,anonymous formative,Disposable synthetic account/data; see scenario source,"Author, publish, answer, reload, submit",Saved answer and correct Bangkok timer; completed response visible,Learner reload and teacher report reload,Firefox and mobile Chromium / isolated real backend,teaching-studio.spec.ts; final-firefox/fullstack.json; final-mobile-2/fullstack.json,PASS
/admin/assessments,Question,anonymous formative,Disposable synthetic account/data; see scenario source,"Author, publish, answer, reload, submit",Saved answer and correct Bangkok timer; completed response visible,Learner reload and teacher report reload,Firefox and mobile Chromium / isolated real backend,teaching-studio.spec.ts; final-firefox/fullstack.json; final-mobile-2/fullstack.json,PASS
/admin/assessments,Option 1,anonymous formative,Disposable synthetic account/data; see scenario source,"Author, publish, answer, reload, submit",Saved answer and correct Bangkok timer; completed response visible,Learner reload and teacher report reload,Firefox and mobile Chromium / isolated real backend,teaching-studio.spec.ts; final-firefox/fullstack.json; final-mobile-2/fullstack.json,PASS
/admin/assessments,Option 2,anonymous formative,Disposable synthetic account/data; see scenario source,"Author, publish, answer, reload, submit",Saved answer and correct Bangkok timer; completed response visible,Learner reload and teacher report reload,Firefox and mobile Chromium / isolated real backend,teaching-studio.spec.ts; final-firefox/fullstack.json; final-mobile-2/fullstack.json,PASS
/admin/assessments,Publish assignment,anonymous formative,Disposable synthetic account/data; see scenario source,"Author, publish, answer, reload, submit",Saved answer and correct Bangkok timer; completed response visible,Learner reload and teacher report reload,Firefox and mobile Chromium / isolated real backend,teaching-studio.spec.ts; final-firefox/fullstack.json; final-mobile-2/fullstack.json,PASS
/admin/assessments,Open responses,anonymous formative,Disposable synthetic account/data; see scenario source,"Author, publish, answer, reload, submit",Saved answer and correct Bangkok timer; completed response visible,Learner reload and teacher report reload,Firefox and mobile Chromium / isolated real backend,teaching-studio.spec.ts; final-firefox/fullstack.json; final-mobile-2/fullstack.json,PASS
/admin/assessments,Continue anonymously,anonymous formative,Disposable synthetic account/data; see scenario source,"Author, publish, answer, reload, submit",Saved answer and correct Bangkok timer; completed response visible,Learner reload and teacher report reload,Firefox and mobile Chromium / isolated real backend,teaching-studio.spec.ts; final-firefox/fullstack.json; final-mobile-2/fullstack.json,PASS
/admin/assessments,Submit assessment,anonymous formative,Disposable synthetic account/data; see scenario source,"Author, publish, answer, reload, submit",Saved answer and correct Bangkok timer; completed response visible,Learner reload and teacher report reload,Firefox and mobile Chromium / isolated real backend,teaching-studio.spec.ts; final-firefox/fullstack.json; final-mobile-2/fullstack.json,PASS
/admin/assessments,Responses,anonymous formative,Disposable synthetic account/data; see scenario source,"Author, publish, answer, reload, submit",Saved answer and correct Bangkok timer; completed response visible,Learner reload and teacher report reload,Firefox and mobile Chromium / isolated real backend,teaching-studio.spec.ts; final-firefox/fullstack.json; final-mobile-2/fullstack.json,PASS
/admin /viewer,Responsive layout,mocked responsive cases,Disposable synthetic account/data; see scenario source,Run existing four-engine browser suite at supported boundaries,Assertions pass,"Mocked UI only, not backend persistence",Chromium / Firefox / WebKit / mobile Chromium emulation,browser-final.json; library-final.json,PASS_MOCKED
/admin /viewer,Focus restoration,mocked responsive cases,Disposable synthetic account/data; see scenario source,Run existing four-engine browser suite at supported boundaries,Assertions pass,"Mocked UI only, not backend persistence",Chromium / Firefox / WebKit / mobile Chromium emulation,browser-final.json; library-final.json,PASS_MOCKED
/admin /viewer,Touch targets,mocked responsive cases,Disposable synthetic account/data; see scenario source,Run existing four-engine browser suite at supported boundaries,Assertions pass,"Mocked UI only, not backend persistence",Chromium / Firefox / WebKit / mobile Chromium emulation,browser-final.json; library-final.json,PASS_MOCKED
/admin /viewer,Long names,mocked responsive cases,Disposable synthetic account/data; see scenario source,Run existing four-engine browser suite at supported boundaries,Assertions pass,"Mocked UI only, not backend persistence",Chromium / Firefox / WebKit / mobile Chromium emulation,browser-final.json; library-final.json,PASS_MOCKED
/admin /viewer,Theme-invariant imagery,mocked responsive cases,Disposable synthetic account/data; see scenario source,Run existing four-engine browser suite at supported boundaries,Assertions pass,"Mocked UI only, not backend persistence",Chromium / Firefox / WebKit / mobile Chromium emulation,browser-final.json; library-final.json,PASS_MOCKED
/admin /viewer,Reduced motion,mocked responsive cases,Disposable synthetic account/data; see scenario source,Run existing four-engine browser suite at supported boundaries,Assertions pass,"Mocked UI only, not backend persistence",Chromium / Firefox / WebKit / mobile Chromium emulation,browser-final.json; library-final.json,PASS_MOCKED
All declared routes,Visible route-button inventory,default and supported isolated states,Disposable synthetic full-stack account; see isolated runner,Visit every declared route and Storage/Trash substates; activate enabled route buttons; record disabled/covered controls,Correct route marker and a recorded result per visible control; no missing targets or click errors,Durable mutations asserted in workflow-specific backend journeys,Chromium / isolated real backend,route-coverage.spec.ts; route-control-exploration-chromium-v4/fullstack.json,PASS
All slide menus,Ready-private slide action menu,ready private,Disposable converted synthetic OME-TIFF,Open menu; record every action; exercise details preview edit move collection publish and trash,Seven menu items present; focus restores; supported actions reach expected UI and durable state,Reload verifies metadata collection and trash lifecycle,Chromium / isolated real backend,library-lifecycle.spec.ts; imaging-journey.spec.ts; CODEX_HOME/qa/frontend-20260928/menu-state-journeys-v1/fullstack.json,PASS
All slide menus,Published slide action menu,published,Disposable synthetic slide with public grant,Open public slide; copy link; unpublish,All nine actions inventoried; copied URL matches public route; revoked slide returns unavailable,Anonymous route and tiles return 404 after revocation,Chromium / isolated real backend,imaging-journey.spec.ts; CODEX_HOME/qa/frontend-20260928/menu-state-journeys-v1/fullstack.json,PASS
/admin?location=failed,Failed slide action menu,failed conversion,Disposable corrupt synthetic OME-TIFF,Inventory menu; verify Preview omitted; retry conversion,All six available actions inventoried; retry retains durable failed state,Reload and admin API confirm failed state,Chromium / isolated real backend,upload-negative.spec.ts; CODEX_HOME/qa/frontend-20260928/menu-state-journeys-v1/fullstack.json,PASS
/admin?location=trash,Trashed slide menu and confirmation,trashed ready slide,Disposable converted synthetic OME-TIFF,Inventory Restore and Delete permanently; cancel then confirm permanent deletion,All three actions inventoried; cancel preserves slide; confirm queues deletion with 202,Trash view removes the slide after confirmation,Chromium / isolated real backend,library-lifecycle.spec.ts; CODEX_HOME/qa/frontend-20260928/menu-state-journeys-v1/fullstack.json,PASS
/admin?location=storage,Storage permanent deletion,cancelled and confirmed,Disposable converted synthetic OME-TIFF,Move to Trash; test Keep file; confirm Delete permanently,Cancel preserves the row; confirmation returns 202 and success state,Reload shows deleting state or completed removal,Chromium / isolated real backend,library-lifecycle.spec.ts; library-delete-flows-chromium-v5/fullstack.json,PASS
/admin,"Per-slide menus in a 1,000-record synthetic library","1,000 metadata-only failed slides",Disposable SQLite library seeded by guarded QA script,Open each menu across every pagination page; inspect items; close with Escape,"Exactly 1,000 menus opened and closed; one consistent menu definition",No mutations; fixture and database removed with isolated stack,Chromium / isolated real backend,z-library-scale.spec.ts; CODEX_HOME/qa/frontend-20260928/menu-state-journeys-v1/fullstack.json,PASS
/admin,Quota admission and corrupt OME-TIFF,quota-full/retry; corrupt signature/reload/retry,Disposable synthetic account/data; see scenario source,Inject isolated quota; upload/retry; upload invalid signature,507 can retry after quota clears; invalid TIFF becomes FAILED,Backend state and reload verified,Firefox and mobile Chromium,upload-negative.spec.ts; final-firefox/fullstack.json; final-mobile-2/fullstack.json,PASS
/admin/preview/:id,Nine annotation drawing tools,create/persist/reload,Disposable synthetic account/data; see scenario source,Point; rectangle; ellipse; ruler; freehand; polygon; polyline; angle; text,Each gesture adds one annotation,API count and geometry types after reload,Firefox and mobile Chromium,annotation-lifecycle.spec.ts; final-firefox/fullstack.json; final-mobile-2/fullstack.json; CODEX_HOME/qa/frontend-20260928/annotation-reload-queue-firefox/fullstack.json; CODEX_HOME/qa/frontend-20260928/annotation-reload-queue-mobile-chromium-v2/fullstack.json,PASS
/admin/assessments,Six question types and manual text grading lifecycle,author/publish/save/submit/grade/release/export/archive/restore,Disposable synthetic account/data; see scenario source,Synthetic anonymous six-type submission; separate rostered manual grading flow,Answers persist; grade release is visible; exports download; archive restores,Teacher and learner reload/downstream screens,Firefox and mobile Chromium,assessment-types.spec.ts; teaching-studio.spec.ts; final-firefox/fullstack.json; final-mobile-2/fullstack.json,PASS
All routes,Native 200% browser zoom,uncovered,Disposable synthetic account/data; see scenario source,Not checked on an authenticated workspace; the open production page was signed out during follow-up,No pass claim,Not verified,Not tested,CSS zoom 2 and responsive emulation are recorded separately; no credentials entered,BLOCKED
All routes,Declared-route keyboard traversal,default ready screen and visible enabled tab sequence,Disposable synthetic account/data; see scenario source,Press Tab on all 27 declared route patterns and wildcard redirect until sequence ends or loops,Reached stops are visible and enabled; records route stop counts; completes within 400 steps,Focus is transient; no persistence expected,Desktop Chromium Firefox and WebKit / isolated backend,apps/web/e2e-fullstack/route-coverage.spec.ts; final-route-keyboard-chromium/fullstack.json; final-route-keyboard-firefox/fullstack.json; final-route-keyboard-webkit/fullstack.json,PASS
/admin; /admin/assessments,Axe WCAG A/AA audit,light/dark library/folder/upload/studio,Disposable synthetic account/data; see scenario source,Analyze visible audited surfaces with axe-core,No automated violations; retain incomplete findings,Not applicable,"Chromium, Firefox, WebKit, mobile Chromium","accessibility.spec.ts; final-webkit-4/fullstack.json; final-a11y-{chromium,firefox,mobile-chromium}/fullstack.json",PASS
All routes,Physical iOS and Android devices,environment unavailable,Disposable synthetic account/data; see scenario source,No physical devices connected,Emulation is separate evidence,Not verified,Physical devices unavailable,Report remaining gaps,BLOCKED
/admin,Keyboard Tab traversal,visible enabled tab sequence,Synthetic administrator session; stable library fixture,Press Tab through the rendered Library page until traversal ends or returns to a prior stop,Reached tab stops remain visible and enabled; traversal ends within 400 steps,Not applicable; keyboard focus state is transient,"Desktop Chromium, Firefox, and WebKit / isolated backend",apps/web/e2e-fullstack/accessibility.spec.ts; final-sort-keyboard-v2-chromium/fullstack.json; final-sort-keyboard-v2-firefox/fullstack.json; final-sort-keyboard-v2-webkit/fullstack.json,PASS
/admin/assessments,Keyboard Tab traversal,visible enabled tab sequence,Synthetic administrator session; Teaching Studio ready screen,Open Teaching Studio and press Tab through the rendered page until traversal ends or returns to a prior stop,Reached tab stops remain visible and enabled; traversal ends within 400 steps,Not applicable; keyboard focus state is transient,"Desktop Chromium, Firefox, and WebKit / isolated backend",apps/web/e2e-fullstack/accessibility.spec.ts; final-sort-keyboard-v2-chromium/fullstack.json; final-sort-keyboard-v2-firefox/fullstack.json; final-sort-keyboard-v2-webkit/fullstack.json,PASS
/admin,Direct route load and real-screen or unavailable-state marker,"authenticated, synthetic fixture or unavailable capability",Isolated backend with synthetic administrator and synthetic course/class/draft where required,"Navigate directly to the route; assert route-specific screen marker, report alias, or safe unavailable state",Route resolves without an unexpected sign-in redirect or application exception,Course and class edit durability is covered in the separate reload row,"Chromium, Firefox, WebKit / isolated real backend",apps/web/e2e-fullstack/route-coverage.spec.ts; final-routes-chromium-v2/fullstack.json; final-routes-firefox-v2/fullstack.json; final-routes-webkit-v2/fullstack.json,PASS
/admin/preview/:slideId,Direct route load and real-screen or unavailable-state marker,"authenticated, synthetic fixture or unavailable capability",Isolated backend with synthetic administrator and synthetic course/class/draft where required,"Navigate directly to the route; assert route-specific screen marker, report alias, or safe unavailable state",Route resolves without an unexpected sign-in redirect or application exception,Course and class edit durability is covered in the separate reload row,"Chromium, Firefox, WebKit / isolated real backend",apps/web/e2e-fullstack/route-coverage.spec.ts; final-routes-chromium-v2/fullstack.json; final-routes-firefox-v2/fullstack.json; final-routes-webkit-v2/fullstack.json,PASS
/admin/connect,Direct route load and real-screen or unavailable-state marker,"authenticated, synthetic fixture or unavailable capability",Isolated backend with synthetic administrator and synthetic course/class/draft where required,"Navigate directly to the route; assert route-specific screen marker, report alias, or safe unavailable state",Route resolves without an unexpected sign-in redirect or application exception,Course and class edit durability is covered in the separate reload row,"Chromium, Firefox, WebKit / isolated real backend",apps/web/e2e-fullstack/route-coverage.spec.ts; final-routes-chromium-v2/fullstack.json; final-routes-firefox-v2/fullstack.json; final-routes-webkit-v2/fullstack.json,PASS
/admin/classroom,Direct route load and real-screen or unavailable-state marker,"authenticated, synthetic fixture or unavailable capability",Isolated backend with synthetic administrator and synthetic course/class/draft where required,"Navigate directly to the route; assert route-specific screen marker, report alias, or safe unavailable state",Route resolves without an unexpected sign-in redirect or application exception,Course and class edit durability is covered in the separate reload row,"Chromium, Firefox, WebKit / isolated real backend",apps/web/e2e-fullstack/route-coverage.spec.ts; final-routes-chromium-v2/fullstack.json; final-routes-firefox-v2/fullstack.json; final-routes-webkit-v2/fullstack.json,PASS
/classroom,Direct route load and real-screen or unavailable-state marker,"authenticated, synthetic fixture or unavailable capability",Isolated backend with synthetic administrator and synthetic course/class/draft where required,"Navigate directly to the route; assert route-specific screen marker, report alias, or safe unavailable state",Route resolves without an unexpected sign-in redirect or application exception,Course and class edit durability is covered in the separate reload row,"Chromium, Firefox, WebKit / isolated real backend",apps/web/e2e-fullstack/route-coverage.spec.ts; final-routes-chromium-v2/fullstack.json; final-routes-firefox-v2/fullstack.json; final-routes-webkit-v2/fullstack.json,PASS
/classroom/invite/:publicId,Direct route load and real-screen or unavailable-state marker,"authenticated, synthetic fixture or unavailable capability",Isolated backend with synthetic administrator and synthetic course/class/draft where required,"Navigate directly to the route; assert route-specific screen marker, report alias, or safe unavailable state",Route resolves without an unexpected sign-in redirect or application exception,Course and class edit durability is covered in the separate reload row,"Chromium, Firefox, WebKit / isolated real backend",apps/web/e2e-fullstack/route-coverage.spec.ts; final-routes-chromium-v2/fullstack.json; final-routes-firefox-v2/fullstack.json; final-routes-webkit-v2/fullstack.json,PASS
/classroom/:sessionId,Direct route load and real-screen or unavailable-state marker,"authenticated, synthetic fixture or unavailable capability",Isolated backend with synthetic administrator and synthetic course/class/draft where required,"Navigate directly to the route; assert route-specific screen marker, report alias, or safe unavailable state",Route resolves without an unexpected sign-in redirect or application exception,Course and class edit durability is covered in the separate reload row,"Chromium, Firefox, WebKit / isolated real backend",apps/web/e2e-fullstack/route-coverage.spec.ts; final-routes-chromium-v2/fullstack.json; final-routes-firefox-v2/fullstack.json; final-routes-webkit-v2/fullstack.json,PASS
/admin/study,Direct route load and real-screen or unavailable-state marker,"authenticated, synthetic fixture or unavailable capability",Isolated backend with synthetic administrator and synthetic course/class/draft where required,"Navigate directly to the route; assert route-specific screen marker, report alias, or safe unavailable state",Route resolves without an unexpected sign-in redirect or application exception,Course and class edit durability is covered in the separate reload row,"Chromium, Firefox, WebKit / isolated real backend",apps/web/e2e-fullstack/route-coverage.spec.ts; final-routes-chromium-v2/fullstack.json; final-routes-firefox-v2/fullstack.json; final-routes-webkit-v2/fullstack.json,PASS
/admin/study/packs/new,Direct route load and real-screen or unavailable-state marker,"authenticated, synthetic fixture or unavailable capability",Isolated backend with synthetic administrator and synthetic course/class/draft where required,"Navigate directly to the route; assert route-specific screen marker, report alias, or safe unavailable state",Route resolves without an unexpected sign-in redirect or application exception,Course and class edit durability is covered in the separate reload row,"Chromium, Firefox, WebKit / isolated real backend",apps/web/e2e-fullstack/route-coverage.spec.ts; final-routes-chromium-v2/fullstack.json; final-routes-firefox-v2/fullstack.json; final-routes-webkit-v2/fullstack.json,PASS
/admin/assessments,Direct route load and real-screen or unavailable-state marker,"authenticated, synthetic fixture or unavailable capability",Isolated backend with synthetic administrator and synthetic course/class/draft where required,"Navigate directly to the route; assert route-specific screen marker, report alias, or safe unavailable state",Route resolves without an unexpected sign-in redirect or application exception,Course and class edit durability is covered in the separate reload row,"Chromium, Firefox, WebKit / isolated real backend",apps/web/e2e-fullstack/route-coverage.spec.ts; final-routes-chromium-v2/fullstack.json; final-routes-firefox-v2/fullstack.json; final-routes-webkit-v2/fullstack.json,PASS
/admin/assessments/classes,Direct route load and real-screen or unavailable-state marker,"authenticated, synthetic fixture or unavailable capability",Isolated backend with synthetic administrator and synthetic course/class/draft where required,"Navigate directly to the route; assert route-specific screen marker, report alias, or safe unavailable state",Route resolves without an unexpected sign-in redirect or application exception,Course and class edit durability is covered in the separate reload row,"Chromium, Firefox, WebKit / isolated real backend",apps/web/e2e-fullstack/route-coverage.spec.ts; final-routes-chromium-v2/fullstack.json; final-routes-firefox-v2/fullstack.json; final-routes-webkit-v2/fullstack.json,PASS
/admin/assessments/courses/new,Direct route load and real-screen or unavailable-state marker,"authenticated, synthetic fixture or unavailable capability",Isolated backend with synthetic administrator and synthetic course/class/draft where required,"Navigate directly to the route; assert route-specific screen marker, report alias, or safe unavailable state",Route resolves without an unexpected sign-in redirect or application exception,Course and class edit durability is covered in the separate reload row,"Chromium, Firefox, WebKit / isolated real backend",apps/web/e2e-fullstack/route-coverage.spec.ts; final-routes-chromium-v2/fullstack.json; final-routes-firefox-v2/fullstack.json; final-routes-webkit-v2/fullstack.json,PASS
/admin/assessments/courses/:courseId,Direct route load and real-screen or unavailable-state marker,"authenticated, synthetic fixture or unavailable capability",Isolated backend with synthetic administrator and synthetic course/class/draft where required,"Navigate directly to the route; assert route-specific screen marker, report alias, or safe unavailable state",Route resolves without an unexpected sign-in redirect or application exception,Course and class edit durability is covered in the separate reload row,"Chromium, Firefox, WebKit / isolated real backend",apps/web/e2e-fullstack/route-coverage.spec.ts; final-routes-chromium-v2/fullstack.json; final-routes-firefox-v2/fullstack.json; final-routes-webkit-v2/fullstack.json,PASS
/admin/assessments/courses/:courseId/edit,Direct route load and real-screen or unavailable-state marker,"authenticated, synthetic fixture or unavailable capability",Isolated backend with synthetic administrator and synthetic course/class/draft where required,"Navigate directly to the route; assert route-specific screen marker, report alias, or safe unavailable state",Route resolves without an unexpected sign-in redirect or application exception,Course and class edit durability is covered in the separate reload row,"Chromium, Firefox, WebKit / isolated real backend",apps/web/e2e-fullstack/route-coverage.spec.ts; final-routes-chromium-v2/fullstack.json; final-routes-firefox-v2/fullstack.json; final-routes-webkit-v2/fullstack.json,PASS
/admin/assessments/courses/:courseId/roster,Direct route load and real-screen or unavailable-state marker,"authenticated, synthetic fixture or unavailable capability",Isolated backend with synthetic administrator and synthetic course/class/draft where required,"Navigate directly to the route; assert route-specific screen marker, report alias, or safe unavailable state",Route resolves without an unexpected sign-in redirect or application exception,Course and class edit durability is covered in the separate reload row,"Chromium, Firefox, WebKit / isolated real backend",apps/web/e2e-fullstack/route-coverage.spec.ts; final-routes-chromium-v2/fullstack.json; final-routes-firefox-v2/fullstack.json; final-routes-webkit-v2/fullstack.json,PASS
/admin/assessments/courses/:courseId/classes/new,Direct route load and real-screen or unavailable-state marker,"authenticated, synthetic fixture or unavailable capability",Isolated backend with synthetic administrator and synthetic course/class/draft where required,"Navigate directly to the route; assert route-specific screen marker, report alias, or safe unavailable state",Route resolves without an unexpected sign-in redirect or application exception,Course and class edit durability is covered in the separate reload row,"Chromium, Firefox, WebKit / isolated real backend",apps/web/e2e-fullstack/route-coverage.spec.ts; final-routes-chromium-v2/fullstack.json; final-routes-firefox-v2/fullstack.json; final-routes-webkit-v2/fullstack.json,PASS
/admin/assessments/courses/:courseId/classes/:classId,Direct route load and real-screen or unavailable-state marker,"authenticated, synthetic fixture or unavailable capability",Isolated backend with synthetic administrator and synthetic course/class/draft where required,"Navigate directly to the route; assert route-specific screen marker, report alias, or safe unavailable state",Route resolves without an unexpected sign-in redirect or application exception,Course and class edit durability is covered in the separate reload row,"Chromium, Firefox, WebKit / isolated real backend",apps/web/e2e-fullstack/route-coverage.spec.ts; final-routes-chromium-v2/fullstack.json; final-routes-firefox-v2/fullstack.json; final-routes-webkit-v2/fullstack.json,PASS
/admin/assessments/courses/:courseId/classes/:classId/edit,Direct route load and real-screen or unavailable-state marker,"authenticated, synthetic fixture or unavailable capability",Isolated backend with synthetic administrator and synthetic course/class/draft where required,"Navigate directly to the route; assert route-specific screen marker, report alias, or safe unavailable state",Route resolves without an unexpected sign-in redirect or application exception,Course and class edit durability is covered in the separate reload row,"Chromium, Firefox, WebKit / isolated real backend",apps/web/e2e-fullstack/route-coverage.spec.ts; final-routes-chromium-v2/fullstack.json; final-routes-firefox-v2/fullstack.json; final-routes-webkit-v2/fullstack.json,PASS
/admin/assessments/:draftId/report,Direct route load and real-screen or unavailable-state marker,"authenticated, synthetic fixture or unavailable capability",Isolated backend with synthetic administrator and synthetic course/class/draft where required,"Navigate directly to the route; assert route-specific screen marker, report alias, or safe unavailable state",Route resolves without an unexpected sign-in redirect or application exception,Course and class edit durability is covered in the separate reload row,"Chromium, Firefox, WebKit / isolated real backend",apps/web/e2e-fullstack/route-coverage.spec.ts; final-routes-chromium-v2/fullstack.json; final-routes-firefox-v2/fullstack.json; final-routes-webkit-v2/fullstack.json,PASS
/admin/assessments/:draftId,Direct route load and real-screen or unavailable-state marker,"authenticated, synthetic fixture or unavailable capability",Isolated backend with synthetic administrator and synthetic course/class/draft where required,"Navigate directly to the route; assert route-specific screen marker, report alias, or safe unavailable state",Route resolves without an unexpected sign-in redirect or application exception,Course and class edit durability is covered in the separate reload row,"Chromium, Firefox, WebKit / isolated real backend",apps/web/e2e-fullstack/route-coverage.spec.ts; final-routes-chromium-v2/fullstack.json; final-routes-firefox-v2/fullstack.json; final-routes-webkit-v2/fullstack.json,PASS
/assessment/:publicId,Direct route load and real-screen or unavailable-state marker,"authenticated, synthetic fixture or unavailable capability",Isolated backend with synthetic administrator and synthetic course/class/draft where required,"Navigate directly to the route; assert route-specific screen marker, report alias, or safe unavailable state",Route resolves without an unexpected sign-in redirect or application exception,Course and class edit durability is covered in the separate reload row,"Chromium, Firefox, WebKit / isolated real backend",apps/web/e2e-fullstack/route-coverage.spec.ts; final-routes-chromium-v2/fullstack.json; final-routes-firefox-v2/fullstack.json; final-routes-webkit-v2/fullstack.json,PASS
/admin/study/evidence,Direct route load and real-screen or unavailable-state marker,"authenticated, synthetic fixture or unavailable capability",Isolated backend with synthetic administrator and synthetic course/class/draft where required,"Navigate directly to the route; assert route-specific screen marker, report alias, or safe unavailable state",Route resolves without an unexpected sign-in redirect or application exception,Course and class edit durability is covered in the separate reload row,"Chromium, Firefox, WebKit / isolated real backend",apps/web/e2e-fullstack/route-coverage.spec.ts; final-routes-chromium-v2/fullstack.json; final-routes-firefox-v2/fullstack.json; final-routes-webkit-v2/fullstack.json,PASS
/study,Direct route load and real-screen or unavailable-state marker,"authenticated, synthetic fixture or unavailable capability",Isolated backend with synthetic administrator and synthetic course/class/draft where required,"Navigate directly to the route; assert route-specific screen marker, report alias, or safe unavailable state",Route resolves without an unexpected sign-in redirect or application exception,Course and class edit durability is covered in the separate reload row,"Chromium, Firefox, WebKit / isolated real backend",apps/web/e2e-fullstack/route-coverage.spec.ts; final-routes-chromium-v2/fullstack.json; final-routes-firefox-v2/fullstack.json; final-routes-webkit-v2/fullstack.json,PASS
/s/:publicId,Direct route load and real-screen or unavailable-state marker,"authenticated, synthetic fixture or unavailable capability",Isolated backend with synthetic administrator and synthetic course/class/draft where required,"Navigate directly to the route; assert route-specific screen marker, report alias, or safe unavailable state",Route resolves without an unexpected sign-in redirect or application exception,Course and class edit durability is covered in the separate reload row,"Chromium, Firefox, WebKit / isolated real backend",apps/web/e2e-fullstack/route-coverage.spec.ts; final-routes-chromium-v2/fullstack.json; final-routes-firefox-v2/fullstack.json; final-routes-webkit-v2/fullstack.json,PASS
/f/:publicId,Direct route load and real-screen or unavailable-state marker,"authenticated, synthetic fixture or unavailable capability",Isolated backend with synthetic administrator and synthetic course/class/draft where required,"Navigate directly to the route; assert route-specific screen marker, report alias, or safe unavailable state",Route resolves without an unexpected sign-in redirect or application exception,Course and class edit durability is covered in the separate reload row,"Chromium, Firefox, WebKit / isolated real backend",apps/web/e2e-fullstack/route-coverage.spec.ts; final-routes-chromium-v2/fullstack.json; final-routes-firefox-v2/fullstack.json; final-routes-webkit-v2/fullstack.json,PASS
/c/:publicId,Direct route load and real-screen or unavailable-state marker,"authenticated, synthetic fixture or unavailable capability",Isolated backend with synthetic administrator and synthetic course/class/draft where required,"Navigate directly to the route; assert route-specific screen marker, report alias, or safe unavailable state",Route resolves without an unexpected sign-in redirect or application exception,Course and class edit durability is covered in the separate reload row,"Chromium, Firefox, WebKit / isolated real backend",apps/web/e2e-fullstack/route-coverage.spec.ts; final-routes-chromium-v2/fullstack.json; final-routes-firefox-v2/fullstack.json; final-routes-webkit-v2/fullstack.json,PASS
*,Direct route load and real-screen or unavailable-state marker,"authenticated, synthetic fixture or unavailable capability",Isolated backend with synthetic administrator and synthetic course/class/draft where required,"Navigate directly to the route; assert route-specific screen marker, report alias, or safe unavailable state",Route resolves without an unexpected sign-in redirect or application exception,Course and class edit durability is covered in the separate reload row,"Chromium, Firefox, WebKit / isolated real backend",apps/web/e2e-fullstack/route-coverage.spec.ts; final-routes-chromium-v2/fullstack.json; final-routes-firefox-v2/fullstack.json; final-routes-webkit-v2/fullstack.json,PASS
/admin/assessments/courses/:courseId,Course and class edit deep links,"valid, saved, reloaded",Synthetic course and class from isolated stack,Edit descriptions through direct links; save and reload both screens,Saved content remains visible and linked screens remain reachable,Reloaded course and class show the saved descriptions,"Chromium, Firefox, WebKit / isolated real backend",apps/web/e2e-fullstack/route-coverage.spec.ts; final-routes-chromium-v2/fullstack.json; final-routes-firefox-v2/fullstack.json; final-routes-webkit-v2/fullstack.json,PASS
/admin,"Synthetic slide upload, conversion, publish, and authoring eligibility","valid, converted, published, reloaded","Isolated stack, synthetic OME-TIFF and synthetic administrator","Upload, wait for conversion, publish, and inspect authoring eligibility",Private slide can be published and becomes eligible for Study Pack authoring,Backend slide state and authoring eligibility checked after reload,"Chromium, Firefox, WebKit, Pixel 5 Chromium emulation",apps/web/e2e-fullstack/study-authoring.spec.ts; final-study-chromium/fullstack.json; final-study-firefox/fullstack.json; final-study-webkit/fullstack.json; final-study-mobile-v10/fullstack.json,PASS
/admin/study/packs/new,"Study Pack authoring, edit, export/import, invalid-file rejection, and draft deletion","valid, invalid, deleted, reimported",Synthetic published slide and isolated browser session,Create/edit tasks; export and reimport; reject invalid JSON/CSV; delete and restore from export,Valid draft data round-trips; invalid files show validation feedback,Reimported draft is available to mandatory preview,"Chromium, Firefox, WebKit, Pixel 5 Chromium emulation",apps/web/e2e-fullstack/study-authoring.spec.ts; final-study-chromium/fullstack.json; final-study-firefox/fullstack.json; final-study-webkit/fullstack.json; final-study-mobile-v10/fullstack.json,PASS
/admin/study/packs/new,"Mandatory preview, responsive layout, publish, and downstream pack availability","preview required, 12 widths, published, reloaded",Synthetic authoring draft with multiple-choice and spatial tasks,"Complete mandatory preview across requested width matrix, attest, and publish",Preview navigation and published Study Coach selection work without horizontal overflow,Published pack remains selectable after page reload,"Chromium, Firefox, WebKit, Pixel 5 Chromium emulation",apps/web/e2e-fullstack/study-authoring.spec.ts; final-study-chromium/fullstack.json; final-study-firefox/fullstack.json; final-study-webkit/fullstack.json; final-study-mobile-v10/fullstack.json,PASS
/admin,Share names confirmation,valid,Disposable synthetic administrator; unique collection and OME fixtures,"Confirm public names, then create the collection link",Consent checkbox is checked and a /c/:publicId link is returned,Anonymous context opens that exact link,Chromium desktop; disposable synthetic administrator and generated OME fixtures; isolated real backend,apps/web/e2e-fullstack/library-lifecycle.spec.ts; shared-viewer-final-chromium-current-v4/fullstack.json,PASS
/c/:publicId,Anonymous shared collection route,valid,Two-slide synthetic collection; no production data,Open the public link in a separate unauthenticated context,"Collection heading, two-slide navigator, slide caption, and rendered canvas appear",Selected position is kept in this browser session,Chromium at 390x844 viewport; anonymous or synthetic-admin context; isolated real backend,apps/web/e2e-fullstack/library-lifecycle.spec.ts; shared-viewer-final-chromium-current-v4/fullstack.json,PASS
/c/:publicId,Theme preference options,"Light, dark, system",Two-slide synthetic collection; no production data,"Select Dark, System, and Light in sequence",Each selected radio reflects the requested preference,Light is selected after reload,Chromium at 390x844 viewport; anonymous or synthetic-admin context; isolated real backend,apps/web/e2e-fullstack/library-lifecycle.spec.ts; shared-viewer-final-chromium-current-v4/fullstack.json,PASS
/c/:publicId,Theme preference,reload persistence,Two-slide synthetic collection; no production data,Select Light and reload the public collection,Light remains selected after reload,Local preference survives reload in the same browser context,Chromium at 390x844 viewport; anonymous or synthetic-admin context; isolated real backend,apps/web/e2e-fullstack/library-lifecycle.spec.ts; shared-viewer-final-chromium-current-v4/fullstack.json,PASS
/c/:publicId,Loading mode,"Auto, data saver, full detail",Two-slide synthetic collection; no production data,Select all three exposed loading modes,Each selected option reports the requested value,Auto remains selected after reload,Chromium at 390x844 viewport; anonymous or synthetic-admin context; isolated real backend,apps/web/e2e-fullstack/library-lifecycle.spec.ts; shared-viewer-final-chromium-current-v4/fullstack.json,PASS
/c/:publicId,Previous/Next disabled boundaries,first and last slide,Two-slide synthetic collection; no production data,"Check Previous on slide 1, advance to slide 2, then check Next",Previous is disabled at the first slide; Next is disabled at the last,Boundary state remains correct after reload,Chromium at 390x844 viewport; anonymous or synthetic-admin context; isolated real backend,apps/web/e2e-fullstack/library-lifecycle.spec.ts; shared-viewer-final-chromium-current-v4/fullstack.json,PASS
/c/:publicId,Next slide,valid,Two-slide synthetic collection; no production data,Activate Next from slide 1,Position becomes 2 / 2 and the slide caption changes,Selected slide is stored in sessionStorage,Chromium at 390x844 viewport; anonymous or synthetic-admin context; isolated real backend,apps/web/e2e-fullstack/library-lifecycle.spec.ts; shared-viewer-final-chromium-current-v4/fullstack.json,PASS
/c/:publicId,Previous slide,valid,Two-slide synthetic collection; no production data,Activate Previous from slide 2,Position returns to 1 / 2 and the original caption returns,Selected slide is stored in sessionStorage,Chromium at 390x844 viewport; anonymous or synthetic-admin context; isolated real backend,apps/web/e2e-fullstack/library-lifecycle.spec.ts; shared-viewer-final-chromium-current-v4/fullstack.json,PASS
/c/:publicId,Selected slide position,reload persistence,Two-slide synthetic collection; no production data,Reload while slide 2 is active,Slide 2 and position 2 / 2 render after reload,Session position survives reload,Chromium at 390x844 viewport; anonymous or synthetic-admin context; isolated real backend,apps/web/e2e-fullstack/library-lifecycle.spec.ts; shared-viewer-final-chromium-current-v4/fullstack.json,PASS
/c/:publicId,Open slide navigator,mobile-width drawer,Two-slide synthetic collection; no production data,Open the navigator at 390px width,aria-expanded is true and the drawer is visible at the left edge,Opener exposes the controlled drawer,Chromium at 390x844 viewport; anonymous or synthetic-admin context; isolated real backend,apps/web/e2e-fullstack/library-lifecycle.spec.ts; shared-viewer-final-chromium-current-v4/fullstack.json,PASS
/c/:publicId,Search shared slides,empty results,Two-slide synthetic collection; no production data,Search for a string absent from both synthetic slide names,No slide result buttons remain visible,Clear the query to restore matching results,Chromium at 390x844 viewport; anonymous or synthetic-admin context; isolated real backend,apps/web/e2e-fullstack/library-lifecycle.spec.ts; shared-viewer-final-chromium-current-v4/fullstack.json,PASS
/c/:publicId,Search and select shared slide,matching result,Two-slide synthetic collection; no production data,Search for the first slide and activate it,Active row and caption match; drawer closes; focus returns to opener,Selected position is reflected in the viewer,Chromium at 390x844 viewport; anonymous or synthetic-admin context; isolated real backend,apps/web/e2e-fullstack/library-lifecycle.spec.ts; shared-viewer-final-chromium-current-v4/fullstack.json,PASS
/c/:publicId,Close slide navigator,close button,Two-slide synthetic collection; no production data,Open and close using the drawer close button,Drawer hides and focus returns to its opener,aria-expanded returns false,Chromium at 390x844 viewport; anonymous or synthetic-admin context; isolated real backend,apps/web/e2e-fullstack/library-lifecycle.spec.ts; shared-viewer-final-chromium-current-v4/fullstack.json,PASS
/c/:publicId,Close slide navigator,backdrop,Two-slide synthetic collection; no production data,Open and click the backdrop outside the drawer,Drawer hides and focus returns to its opener,aria-expanded returns false,Chromium at 390x844 viewport; anonymous or synthetic-admin context; isolated real backend,apps/web/e2e-fullstack/library-lifecycle.spec.ts; shared-viewer-final-chromium-current-v4/fullstack.json,PASS
/c/:publicId,Close slide navigator,Escape,Two-slide synthetic collection; no production data,Open the drawer and press Escape,Drawer hides and focus returns to its opener,aria-expanded returns false,Chromium at 390x844 viewport; anonymous or synthetic-admin context; isolated real backend,apps/web/e2e-fullstack/library-lifecycle.spec.ts; shared-viewer-final-chromium-current-v4/fullstack.json,PASS
/c/:publicId,Zoom in and Zoom out,valid viewer actions,Two-slide synthetic collection; no production data,"Activate Zoom in, then Zoom out after a second zoom-in",Each action changes the rendered canvas,Viewer remains available for later controls,Chromium at 390x844 viewport; anonymous or synthetic-admin context; isolated real backend,apps/web/e2e-fullstack/library-lifecycle.spec.ts; shared-viewer-final-chromium-current-v4/fullstack.json,PASS
/c/:publicId,Home view,valid viewer action,Two-slide synthetic collection; no production data,"Zoom in, then activate Home view",Rendered canvas changes from the zoomed view,Viewer remains available for later controls,Chromium at 390x844 viewport; anonymous or synthetic-admin context; isolated real backend,apps/web/e2e-fullstack/library-lifecycle.spec.ts; shared-viewer-final-chromium-current-v4/fullstack.json,PASS
/c/:publicId,Rotation cardinal controls,"0, 90, 180, 270 degrees",Two-slide synthetic collection; no production data,Activate each cardinal rotation action,Rotation slider exposes the requested angle,Rotation resets through the 0-degree action,Chromium at 390x844 viewport; anonymous or synthetic-admin context; isolated real backend,apps/web/e2e-fullstack/library-lifecycle.spec.ts; shared-viewer-final-chromium-current-v4/fullstack.json,PASS
/c/:publicId,Rotation dial keyboard,"ArrowRight, ArrowLeft, Home",Two-slide synthetic collection; no production data,Use keyboard to rotate by one degree and reset to zero,aria-valuenow tracks 1 degree then 0 degrees,Current rotation is reflected in the control,Chromium at 390x844 viewport; anonymous or synthetic-admin context; isolated real backend,apps/web/e2e-fullstack/library-lifecycle.spec.ts; shared-viewer-final-chromium-current-v4/fullstack.json,PASS
/c/:publicId,Rotation dial pointer,pointer drag,Two-slide synthetic collection; no production data,Drag the dial to the right cardinal sector,"Slider reports 89–91 degrees, allowing browser rounding",Home resets the dial to zero,Chromium at 390x844 viewport; anonymous or synthetic-admin context; isolated real backend,apps/web/e2e-fullstack/library-lifecycle.spec.ts; shared-viewer-final-chromium-current-v4/fullstack.json,PASS
/c/:publicId,Rotation controls,close button,Two-slide synthetic collection; no production data,Open rotation controls and activate the opener again,Rotation dialog closes,Opener remains available,Chromium at 390x844 viewport; anonymous or synthetic-admin context; isolated real backend,apps/web/e2e-fullstack/library-lifecycle.spec.ts; shared-viewer-final-chromium-current-v4/fullstack.json,PASS
/c/:publicId,Rotation controls,outside click,Two-slide synthetic collection; no production data,Open rotation controls and click the collection heading,Rotation dialog closes,Opener remains available,Chromium at 390x844 viewport; anonymous or synthetic-admin context; isolated real backend,apps/web/e2e-fullstack/library-lifecycle.spec.ts; shared-viewer-final-chromium-current-v4/fullstack.json,PASS
/c/:publicId,Rotation controls,Escape,Two-slide synthetic collection; no production data,Open rotation controls and press Escape,Rotation dialog closes,Opener remains available,Chromium at 390x844 viewport; anonymous or synthetic-admin context; isolated real backend,apps/web/e2e-fullstack/library-lifecycle.spec.ts; shared-viewer-final-chromium-current-v4/fullstack.json,PASS
/c/:publicId,Fullscreen,enter and Escape exit,Two-slide synthetic collection; no production data,Activate Fullscreen and press Escape,"document.fullscreenElement is set, then cleared",Viewer returns to the normal page layout,Chromium at 390x844 viewport; anonymous or synthetic-admin context; isolated real backend,apps/web/e2e-fullstack/library-lifecycle.spec.ts; shared-viewer-final-chromium-current-v4/fullstack.json,PASS
/c/:publicId,Revoke shared link,revoked access,Two-slide synthetic collection; no production data,"Revoke and confirm from the synthetic admin dialog, then reload anonymously",Public route reports unavailable after revocation,Backend revocation blocks a fresh manifest request,Chromium at 390x844 viewport; anonymous or synthetic-admin context; isolated real backend,apps/web/e2e-fullstack/library-lifecycle.spec.ts; shared-viewer-final-chromium-current-v4/fullstack.json,PASS
/c/:publicId,Unavailable link retry,revoked link,Two-slide synthetic collection; no production data,Activate Try again after revocation,Unavailable state remains and no shared slides appear,Fresh retry preserves revoked state,Chromium at 390x844 viewport; anonymous or synthetic-admin context; isolated real backend,apps/web/e2e-fullstack/library-lifecycle.spec.ts; shared-viewer-final-chromium-current-v4/fullstack.json,PASS
/admin,Close Share collection dialog,close action,Disposable synthetic administrator; unique collection and OME fixtures,Close the Share QA bulk collection dialog,Dialog closes after the public viewer context is finished,Admin returns to the library,Chromium desktop; disposable synthetic administrator and generated OME fixtures; isolated real backend,apps/web/e2e-fullstack/library-lifecycle.spec.ts; shared-viewer-final-chromium-current-v4/fullstack.json,PASS
/courses/:courseId/classes/:classId,Choose a slide folder,empty and populated folder picker states,Synthetic course/class with an empty folder and a separate folder containing one converted synthetic slide,"Inspect close, root, and cancel; confirm empty-folder selection is disabled; open the populated picker and select its folder",Empty choice stays disabled; a ready folder enables Use this folder,Selected folder name appears in the class page,Chromium desktop; isolated real backend,apps/web/e2e-fullstack/route-coverage.spec.ts; CODEX_HOME/qa/frontend-20260928/route-exploration-v5/fullstack.json; CODEX_HOME/qa/frontend-20260928/class-folder-positive-v2/fullstack.json,PASS
/courses/:courseId/classes/:classId,Use this folder,valid and reload persistence,Synthetic course/class with one converted synthetic slide in a folder,Apply the selected folder and reload the class route,Folder assignment remains visible and Start classroom link is available,Reload confirms the backend assignment,Chromium desktop; isolated real backend,apps/web/e2e-fullstack/route-coverage.spec.ts; CODEX_HOME/qa/frontend-20260928/class-folder-positive-v2/fullstack.json,PASS
/admin and declared routes,Route and dialog control inventory,reachable disabled and dedicated states,Disposable synthetic administrator; one converted synthetic slide; local feature flags active; route inventory matches App.tsx,Visit all declared route patterns plus library query states and fallback; replay visible buttons/menu items and recursively explore dialog actions,29 route cases; 289 visible button snapshots; 312 route/menu outcomes; 35 dialog states and 99 action outcomes; zero unresolved actions,Reload persistence verified by linked synthetic workflows,Windows Chromium 151.0.7922.34; isolated real backend,apps/web/e2e-fullstack/route-coverage.spec.ts; CODEX_HOME/qa/frontend-20260928/route-explorer-current-main/fullstack.json,PASS
/admin,Quick Look rotation Escape,nested popover open,Unique converted synthetic slide,Rotate to 90 and back; press Escape; then open the full viewer,Rotation popover closes while Quick Look stays open; full viewer targets the same slide,Viewer route contains the synthetic slide ID,Chromium Firefox WebKit and Pixel 5 Chromium emulation; isolated real backend,apps/web/e2e-fullstack/library-lifecycle.spec.ts; final-complete-chromium-20260928/fullstack.json; final-lifecycle-firefox-v2-20260928/fullstack.json; final-lifecycle-webkit-v3-20260928/fullstack.json; final-lifecycle-mobile-20260928/fullstack.json,PASS
/admin,Library command palette,empty result valid actions and navigation,Disposable synthetic administrator and converted synthetic slide,Search for no result then open Upload New folder Classroom Study Coach and the synthetic slide,Empty state and each matching action reach the expected destination,New folder survives reload and trashed slide is excluded,Chromium Firefox WebKit and Pixel 5 Chromium emulation; isolated real backend,apps/web/e2e-fullstack/library-lifecycle.spec.ts; final-complete-chromium-20260928/fullstack.json; final-lifecycle-firefox-v2-20260928/fullstack.json; final-lifecycle-webkit-v3-20260928/fullstack.json; final-lifecycle-mobile-20260928/fullstack.json,PASS
/c/:publicId,Second shared slide tile load,valid public collection navigation,Two-slide synthetic collection; anonymous viewer context,Navigate to slide two and wait for its DZI descriptor and JPEG tile,Both tile responses return HTTP 200 before reload,Selected position persists after reload,Chromium Firefox WebKit and Pixel 5 Chromium emulation; isolated real backend,apps/web/e2e-fullstack/library-lifecycle.spec.ts; final-complete-chromium-20260928/fullstack.json; final-lifecycle-firefox-v2-20260928/fullstack.json; final-lifecycle-webkit-v3-20260928/fullstack.json; final-lifecycle-mobile-20260928/fullstack.json,PASS
/admin/assessments,Assessment archive restore and learner preview,valid and reload persistence,Published synthetic assessment,Archive then restore; reload; open preview reset answers and close,Restored assessment remains available and preview controls work,Restored status persists after reload,Chromium; isolated real backend,apps/web/e2e-fullstack/assessment-types.spec.ts; final-complete-chromium-20260928/fullstack.json,PASS
/admin and library API,Metadata library stress,0 1 100 and 1000 records with isolated synthetic data,Disposable SQLite stack; app commit 4341b440 before current-main test-only updates,Run 1 5 10 and 20 session five-minute tiers then 20 sessions for 30 minutes,15699 actions; zero errors; 20 sessions highest stable tier; 15.7k actions; p95/p99 recorded per tier,All 1000 records remain intact; healthy recovery; campaign did not stop,Cross-browser-independent isolated SQLite/Chromium campaign; no production traffic,CODEX_HOME/qa/frontend-20260928/final-followup-stress-4341b44/stress.jsonl; run-environment.json,PASS
/admin,Unverified production edge paths,"Authenticated production sample workflows passed on deployed 3cb26bc; distinct learner identities; chosen invite expiry and automatic stale-chunk recovery remain unverified",Existing protected production evidence covers synthetic administrator and learner sessions; no separate production test account in this QA browser,Test distinct-identity concurrent admission; selected review expiry; automatic recovery from stale release chunks,No pass evidence for these paths; keep them explicitly unverified,No additional production load or credential use in this QA session,Windows Edge production; current in-app tab remains signed out,docs/remediation/PRODUCTION_CLOSURE_QA.md; signed-out in-app browser,BLOCKED
/c/:publicId,Pathology pixel color preservation,unverified,Isolated OME fixture is zero-filled; production synthetic pattern was visually rendered but has no captured source-to-screen RGB comparison,Compare known-source H&E/IHC pixels through tile delivery and viewer display,Numeric color fidelity remains unverified; black fixture cannot qualify it,No pixel-level comparison performed,Chromium synthetic viewer screenshot and recorded production pattern; no non-PHI real-tissue reference fixture,CODEX_HOME/qa/frontend-20260913/final-complete-chromium-20260928/screenshots/collection-viewer-mobile-navigator-closed.png; docs/remediation/PRODUCTION_CLOSURE_QA.md,BLOCKED
/admin · library navigator,"Folder, collection, and saved-view context menus",all menu actions available,"Unique synthetic destination/source folders, collection, saved view, and isolated administrator",Open and inspect each menu; run folder rename/move/trash and collection/saved-view rename/delete,All seven actions reach their expected dialog or durable UI result,Folder move/rename and trash state plus collection/saved-view deletion verified after reload,Windows Chromium 151.0.7922.34; isolated real backend,apps/web/e2e-fullstack/route-coverage.spec.ts; CODEX_HOME/qa/frontend-20260928/navigator-menu-v3/fullstack.json,PASS
/admin · library navigator,Escape in contextual menu,"folder, collection, or saved-view menu open",Library navigator open with synthetic menu trigger visible,Press Escape while a contextual menu is open,Only the menu closes; navigator stays open and focus returns to the trigger,Navigator remains usable for the next action,Windows Chromium 151.0.7922.34; isolated real backend,apps/web/src/components/library/ContextMenu.tsx; apps/web/e2e-fullstack/route-coverage.spec.ts; CODEX_HOME/qa/frontend-20260928/navigator-menu-v3/fullstack.json,PASS
/admin/assessments/courses/:courseId/classes/:classId,Empty folder picker controls,no folder selected; empty synthetic folder available,Disposable synthetic course/class with an empty folder,Open picker; click Slide library root and Cancel; verify Close action; inspect option and Use state,"Close, root, and cancel respond; empty option and Use this folder remain disabled",Cancelled selection does not assign a folder,Windows Chromium 151.0.7922.34; isolated real backend,apps/web/e2e-fullstack/route-coverage.spec.ts; CODEX_HOME/qa/frontend-20260928/route-exploration-v5/fullstack.json,PASS
/admin,"Synthetic account validation, password change, sign-out and sign-in",invalid credentials then valid password update and new session,Dedicated synthetic administrator in disposable isolated SQLite stack; generated credentials only,Exercise invalid and valid login states; change the synthetic password; sign out and authenticate again with the changed password,Validation is shown for invalid input; the changed credential opens the new session,Password change is verified by a fresh sign-in after sign-out,Windows Chromium 151.0.7922.34; isolated real backend,apps/web/e2e-fullstack/account-workflow.spec.ts; CODEX_HOME/qa/frontend-20260928/mapped-workflows-v1/fullstack.json,PASS
/admin/preview/:id,"Annotation layer reorder, opacity, and reload under a slow write",queued reorder; second reorder; opacity change; manual reload,Disposable synthetic slide and annotation layer; one layer PATCH response held by the browser,Queue multiple layer mutations and click Reload before releasing the held response,Reload waits for prior layer writes and does not fetch a stale manifest,Reopened manifest retains sort order 1; visible true; locked false; opacity 0.95,Chromium; Firefox; WebKit; Pixel 5 Chromium emulation; isolated full-stack synthetic backend,apps/web/e2e-fullstack/annotation-lifecycle.spec.ts; CODEX_HOME/qa/frontend-20260928/annotation-reload-queue-v4-894bb7c/fullstack.json; CODEX_HOME/qa/frontend-20260928/annotation-reload-queue-firefox/fullstack.json; CODEX_HOME/qa/frontend-20260928/annotation-reload-queue-webkit/fullstack.json; CODEX_HOME/qa/frontend-20260928/annotation-reload-queue-mobile-chromium-v2/fullstack.json,PASS
/admin; /admin/preview/:id; /courses/:courseId/classes/:classId; /classroom/:token,"Authenticated production synthetic workflows at 3cb26bc",scoped listed journeys only,Authorized Windows Edge production session; disposable synthetic slides and classroom; no real learners,Check library/search/folder persistence; upload/readiness/viewer tiles; annotation save/reload; teacher classroom controls; one synthetic learner admission/question and answer,Each listed control returns its expected screen or server acknowledgment,Upload/viewer and annotation state survive reload; class invitation is ended/revoked after testing,Windows Edge; production; no production load campaign,docs/remediation/PRODUCTION_CLOSURE_QA.md (current main 004fc79),PASS
/admin · Upload,"Production OME upload pause and resume",19% transfer; network throttled then restored,Disposable 201 MB synthetic OME-TIFF; 1 MiB/s throttle scoped to QA tab,Pause upload; navigate to Classroom; resume same reservation; restore normal network,Same reservation resumes with expected offset and reaches Ready to view,Viewer opens converted slide and reload retains private URL,Windows Edge; production; one synthetic administrator,docs/remediation/PRODUCTION_CLOSURE_QA.md (current main 004fc79),PASS
/classroom/:token,"Production Classroom learner reconnect",one synthetic learner; same browser guest identity,Disposable live class and protected synthetic invitation; no real learners,Take learner tab offline then online and observe teacher roster state,Teacher sees reconnecting then connected for the same learner,End class and revoke invitation; later admission reports unavailable,Windows Edge; production; single synthetic guest identity,docs/remediation/PRODUCTION_CLOSURE_QA.md (current main 004fc79),PASS
/admin/assessments → /assessment/:publicId,All six authorable question types,"draft, published, learner-saved and submitted","Disposable synthetic course, class and learner in isolated SQLite stack","Author each supported question type, publish the assessment, save learner answers and submit",All six types render for learners and accept the saved answers through submission,Published assessment and learner submission reopen with durable answers,Windows Chromium 151.0.7922.34; isolated real backend,apps/web/e2e-fullstack/assessment-types.spec.ts; CODEX_HOME/qa/frontend-20260928/mapped-workflows-v1/fullstack.json,PASS
